id,name,source,distance_mi,difficulty,access_grade,grade_mapping_basis,start_coord_method,geometry,official_url
route-walk-1-chipping-campden,Walk 1: Chipping Campden and Dover's Hill,National Trail,4.5,moderate,,,,start pin only (no official GPX published),https://www.nationaltrail.co.uk/en_GB/short-routes/cotswold-way-circular-walk-1-chipping-campden/
route-walk-2-broadway-tower,Walk 2: Broadway and the Tower,National Trail,4.0,moderate,,,,start pin only (no official GPX published),https://www.nationaltrail.co.uk/en_GB/short-routes/cotswold-way-circular-walk-2-broadway-and-tower/
route-walk-3-stanton-snowshill,"Walk 3: Stanton, Snowshill and the Edge",National Trail,6.0,moderate,,,,start pin only (no official GPX published),https://www.nationaltrail.co.uk/en_GB/short-routes/cotswold-way-circular-walk-3-stanton-snowshill-and-edge/
route-walk-3-short-stanton-shenberrow,Walk 3 (short): Stanton and Shenberrow Hill Fort,National Trail,2.5,moderate,,,,start pin only (no official GPX published),https://www.nationaltrail.co.uk/en_GB/short-routes/cotswold-way-circular-walk-3-stanton-snowshill-and-the-edge-short-route/
route-walk-4-winchcombe-belas-knap,Walk 4: Winchcombe and Belas Knap,National Trail,5.25,moderate,,,,start pin only (no official GPX published),https://www.nationaltrail.co.uk/en_GB/short-routes/cotswold-way-circular-walk-4-winchcombe-and-belas-knap/
route-walk-5-cleeve-hill-ring,Walk 5: Cleeve Hill Common Ring,National Trail,6.0,moderate,,,,start pin only (no official GPX published),https://www.nationaltrail.co.uk/en_GB/short-routes/cotswold-way-circular-walk-5-cleeve-hill-ring/
route-walk-5-shorter-cleeve-common,Walk 5 (shorter): Cleeve Hill Common,National Trail,4.0,easy,,,,start pin only (no official GPX published),https://www.nationaltrail.co.uk/en_GB/short-routes/cotswold-way-circular-walk-5-the-cleeve-hill-common-ring-shorter-route/
route-walk-6-leckhampton-loop,Walk 6: Leckhampton Loop — Seven Springs and the Devil's Chimney,National Trail,4.5,moderate,,,,start pin only (no official GPX published),https://www.nationaltrail.co.uk/en_GB/short-routes/cotswold-way-circular-walk-6-leckhampton-loop/
route-walk-7-cranham-coopers,"Walk 7: Cranham, Coopers and the Beechwoods",National Trail,4.0,easy,,,,start pin only (no official GPX published),https://www.nationaltrail.co.uk/en_GB/short-routes/cotswold-way-circular-walk-7-cranham-coopers-and-beechwoods/
route-walk-8-selsley-circuit,Walk 8: The Selsley Circuit — Commons and Canals,National Trail,5.0,moderate,,,,start pin only (no official GPX published),https://www.nationaltrail.co.uk/en_GB/short-routes/cotswold-way-circular-walk-8-selsley-circuit/
route-walk-9-cam-long-down-uley,Walk 9: Cam Long Down and Uley — Hills and Hillforts,National Trail,4.0,challenging,,,,start pin only (no official GPX published),https://www.nationaltrail.co.uk/en_GB/short-routes/cotswold-way-circular-walk-9-hills-and-hillforts-cam-long-down-and-uley/
route-walk-9-short-uley-bury,Walk 9 (short): Uley Bury Hillfort,National Trail,1.5,challenging,,,,start pin only (no official GPX published),https://www.nationaltrail.co.uk/en_GB/short-routes/cotswold-way-circular-walk-9-uley-bury-hill-fort-1-5-miles/
route-walk-10-wotton-wortley,Walk 10: Wotton-under-Edge and Wortley Hill,National Trail,5.0,moderate,,,,start pin only (no official GPX published),https://www.nationaltrail.co.uk/en_GB/short-routes/cotswold-way-circular-walk-10-wotton-under-edge/
route-walk-11-old-sodbury,Walk 11: Old Sodbury — The Hillfort and Church,National Trail,2.5,easy,,,,start pin only (no official GPX published),https://www.nationaltrail.co.uk/en_GB/short-routes/cotswold-way-circular-walk-11-old-sodbury-hillfort-and-church/
route-walk-12-journeys-end-bath,Walk 12: Journey's End — The Walk into Bath,National Trail,6.0,moderate,,,,start pin only (no official GPX published),https://www.nationaltrail.co.uk/en_GB/short-routes/cotswold-way-circular-walk-12-journeys-end-walk-bath/
route-walk-13-korea-friendship,Walk 13: Stinchcombe Hill — Korea Friendship Trail,National Trail,3.5,moderate,,,,start pin only (no official GPX published),https://www.nationaltrail.co.uk/en_GB/short-routes/cotswold-way-circular-walk-cotswolds-korea-friendship-trail/
route-walk-14-bruce-trail-haresfield,Walk 14: Haresfield — Bruce Trail Friendship Trail,National Trail,6.0,moderate,,,,start pin only (no official GPX published),https://www.nationaltrail.co.uk/en_GB/short-routes/bruce-trail-friendship-trail-beacons-commons-and-woods/
route-walk-15-hailes-beckbury,Walk 15: Hailes Abbey and Beckbury Camp,National Trail,3.5,moderate,,,,start pin only (no official GPX published),https://www.nationaltrail.co.uk/en_GB/short-routes/cotswold-way-circular-walk-15-hailes-and-beckbury-camp/
route-walk-16-stinchcombe-leaf-ground,Walk 16: Stinchcombe Hill — Leaf & Ground,National Trail,2.7,moderate,,,,start pin only (no official GPX published),https://www.nationaltrail.co.uk/en_GB/short-routes/cotswold-way-circular-walks-16-stinchcombe-hill-leaf-ground/
route-gateways-winchcombe-isbourne,Winchcombe to the source of the River Isbourne,Cotswolds National Landscape (via National Trail),6.0,moderate,,,,start pin only (no official GPX published),https://www.nationaltrail.co.uk/en_GB/short-routes/winchcombe-to-the-source-of-the-river-isbourne/
route-gateways-winchcombe-farmcote,"Winchcombe, Hailes Abbey and Farmcote",Cotswolds National Landscape (via National Trail),7.5,moderate,,,,start pin only (no official GPX published),https://www.nationaltrail.co.uk/en_GB/short-routes/winchombe-hailes-abbey-and-farmcote-7-5-miles/
route-gateways-dursley-western-loop,Dursley Figure of Eight — Western Loop,Cotswolds National Landscape (via National Trail),8.0,moderate,,,,start pin only (no official GPX published),https://www.nationaltrail.co.uk/en_GB/short-routes/cotswold-gateways-dursley-figure-of-eight-western-loop-8-miles/
route-gateways-wotton-tyndale,"Wotton-under-Edge: Brackenbury Ditches, Tyndale Monument and Westridge Woods",Cotswolds National Landscape (via National Trail),4.9,moderate,,,,start pin only (no official GPX published),https://www.nationaltrail.co.uk/en_GB/short-routes/wotton-under-edge-via-brackenbury-ditches-tyndale-monument-westridge-woods-4-9-miles/
route-gateways-wotton-newark,"Wotton-under-Edge via Tyley Bottom, Ozleworth and Newark Park",Cotswolds National Landscape (via National Trail),7.5,challenging,,,,start pin only (no official GPX published),https://www.nationaltrail.co.uk/en_GB/short-routes/wotton-under-edge-via-tyley-bottom-ozleworth-and-newark-park/
route-gateways-wotton-wortley-tor,"Wotton-under-Edge via Wortley, Tor Hill, Combe Hill and Wotton Hill",Cotswolds National Landscape (via National Trail),6.2,challenging,,,,start pin only (no official GPX published),https://www.nationaltrail.co.uk/en_GB/short-routes/wotton-under-edge-via-wortley-tor-hill-combe-hill-and-wotton-hill/
route-gateways-hawkesbury-kilcott,Hawkesbury Upton and Kilcott,Cotswolds National Landscape (via National Trail),4.0,moderate,,,,start pin only (no official GPX published),https://www.nationaltrail.co.uk/en_GB/short-routes/cotswold-gateways-circular-walk-hawkesbury-upton-via-kilcott-4-miles/
route-gateways-hawkesbury-st-mary,Hawkesbury Upton via the Church of St Mary the Virgin,Cotswolds National Landscape (via National Trail),3.75,moderate,,,,start pin only (no official GPX published),https://www.nationaltrail.co.uk/en_GB/short-routes/hawkesbury-upton-via-the-church-of-st-mary-the-virgin-3-75-miles/
route-gateways-marshfield-dyrham,"Marshfield, Cold Ashton, Doynton, Dyrham and West Littleton",Cotswolds National Landscape (via National Trail),11.0,challenging,,,,start pin only (no official GPX published),https://www.nationaltrail.co.uk/en_GB/short-routes/marshfield-cold-ashton-doynton-dyrham-and-west-littleton-11-miles/
route-winchcombe-miles-without-stiles,Winchcombe — Miles without Stiles,Cotswolds National Landscape,3.5,easy,for-some,"Unsurfaced paths, basic fitness. Stile free — these routes do not have stiles, but may have kissing ",,start pin only (no official GPX published),https://www.cotswolds-nl.org.uk/exploring/self-guided-route/winchcombe-miles-without-stiles/
route-winchcombe-sudeley-valley-mws,Winchcombe and the Sudeley Valley — Miles without Stiles,Cotswolds National Landscape,5.0,moderate,for-some,"May be steep slopes, moderate fitness. Stile free — may have kissing gates or footbridges, and/or st",,start pin only (no official GPX published),https://www.cotswolds-nl.org.uk/exploring/self-guided-route/winchcombe-and-the-sudeley-valley-miles-without-stiles/
route-winchcombe-ultimate-wow,Winchcombe's 'Ultimate' Walk on Wheels,Cotswolds National Landscape,8.5,moderate,for-many,"The route is on grass, field edges, stone and tarmac with long slopes to and from the Salt Way. Desi",,start pin only (no official GPX published),https://www.cotswolds-nl.org.uk/exploring/self-guided-route/winchcombes-ultimate-walk-on-wheels-circular/
route-broadway-village-mws,Broadway Village — Miles without Stiles,Cotswolds National Landscape,2.25,easy,for-some,"Unsurfaced paths, basic fitness. Stile free — may have kissing gates or footbridges, and/or steep, n",,start pin only (no official GPX published),https://www.cotswolds-nl.org.uk/exploring/self-guided-route/broadway-village-miles-without-stiles/
route-laverton-buckland-wow,Laverton to Buckland — Walks on Wheels,Cotswolds National Landscape,1.75,easy,for-all,"An easy there and back path of 1.6 miles on stone and tarmac with very gentle ascent and descent, su",,start pin only (no official GPX published),https://www.cotswolds-nl.org.uk/exploring/self-guided-route/laverton-to-buckland-walks-on-wheels/
route-dovers-hill-wow,Dover's Hill — Walks on Wheels,Cotswolds National Landscape,1.2,easy,for-all,Grassy level walk 0.25 miles suitable for all; extra loop has steep slopes. The surface is mostly gr,,start pin only (no official GPX published),https://www.cotswolds-nl.org.uk/exploring/self-guided-route/dovers-hill-walks-on-wheels/
route-crickley-hill-wow,Crickley Hill — Walks on Wheels,Cotswolds National Landscape,0.5,easy,for-many,"The surface is tarmac, crushed stone, short grass and earth. Rated pushchair friendly; short but une",,start pin only (no official GPX published),https://www.cotswolds-nl.org.uk/exploring/self-guided-route/crickley-hill-walks-on-wheels/
route-leckhampton-scooter-wow,Leckhampton Hill mobility scooter route,Cotswolds National Landscape,2.25,easy,for-many,A mix of hard or grassy and mostly flat surface accessible by any reasonably sturdy mobility scooter,,start pin only (no official GPX published),https://www.cotswolds-nl.org.uk/exploring/self-guided-route/leckhampton-hill-mobility-scooter-route/
route-leckhampton-charlton-kings-mws,Leckhampton Hill and Charlton Kings Common — Miles without Stiles,Cotswolds National Landscape,2.5,moderate,for-some,"May be steep slopes, moderate fitness. Stile free. Warning from the publisher: the steep path is now",,official GPX,https://www.cotswolds-nl.org.uk/exploring/self-guided-route/leckhampton-hill-charlton-kings-common-miles-without-stiles/
route-cleeve-common-south-wow,Cleeve Common South — Walks on Wheels,Cotswolds National Landscape,1.25,easy,for-many,"The 600 metre route is almost level, while the longer routes cross uneven ground with several slopes",,start pin only (no official GPX published),https://www.cotswolds-nl.org.uk/exploring/self-guided-route/cleeve-common-south-walks-on-wheels/
route-painswick-beacon-mws,Painswick Beacon — Miles without Stiles,Cotswolds National Landscape,2.0,moderate,for-some,"May be steep slopes, moderate fitness. Stile free — may have kissing gates or footbridges, and/or st",,start pin only (no official GPX published),https://www.cotswolds-nl.org.uk/exploring/self-guided-route/painswick-beacon-miles-without-stiles/
route-kings-stanley-ebley-mws,King's Stanley to Ebley Mill — Miles without Stiles,Cotswolds National Landscape,3.5,easy,for-some,"Unsurfaced paths, basic fitness. Stile free — these routes do not have stiles, but may have kissing ",,start pin only (no official GPX published),https://www.cotswolds-nl.org.uk/exploring/self-guided-route/kings-stanley-to-ebley-mill-miles-without-stiles/

"GRADE MAPPING RULE (mechanical, publisher wording always displayed verbatim)"
for-all: publisher explicitly states wheelchair friendly / suitable for all (wheels)
for-many: publisher rates for mobility scooters/trampers/pushchairs but not wheelchairs
"for-some: publisher grades stile-free only (Miles without Stiles default, with caveats)"
null/ungraded: no accessibility publication exists for the route

START COORD METHODS: verified POI/toilet-audit coords; ONS postcode centroids (postcodes.io); OSGB grid refs published on route pages (converted); Nominatim for named streets; Walk 14 pin = Haresfield Beacon marker (Shortwood car park not geocodable from official sources - flagged)

EXCLUDED (off-corridor per ~1-mile rule),Mickleton MWS,Ebrington MWS,Amberley WOW (also publisher states not suitable for wheelchairs),Badminton x3,Marshfield town MWS,Bathscape 13/15/16,Brockhampton/Sevenhampton MWS,Andoversford MWS

KEY NEGATIVE FINDING,"No official body certifies any Cotswold Way section as wheelchair-accessible; National Trail states the trail 'is not stile free'. Accessible-sections tab reflects exactly what IS published (Leckhampton improved section + scooter route, Crickley Tramper hire)."

RE-VERIFY BEFORE CWA HANDOFF,Dover's Hill and Dyrham NT access wording came via search-indexed pages (NT site behind bot protection this session)

GPX INGESTION ROUND 2 (2026-07-29) — official CNL GPX files found on cotswolds-nl.org.uk route pages (the nationaltrail.co.uk copies of the same walks have empty GPX panels)
route_key,cnl_page_slug,gpx_url,points,computed_length_mi,loop_gap_m,min_dist_to_trail_mi,ascent_m_computed
gateways-hawkesbury-st-mary,circular-via-hawkesbury-church-cotswold-gateway-hawkesbury-upton-walk-2,https://www.cotswolds-nl.org.uk/wp/wp-content/uploads/2024/11/t202473630_cotswold-gateways.gpx,34,3.84,42,0.28,109
gateways-hawkesbury-kilcott,circular-via-kilcott-cotswold-gateway-hawkesbury-upton-walk-1,https://www.cotswolds-nl.org.uk/wp/wp-content/uploads/2024/11/t202474211_cotswold-gateways.gpx,49,3.85,37,0.08,139
gateways-wotton-tyndale,brackenbury-ditches-tyndale-monument-cotswold-gateway-wotton-under-edge-walk-2,https://www.cotswolds-nl.org.uk/wp/wp-content/uploads/2024/11/t202933594_cotswold-gateways.gpx,53,4.53,9,0.04,160
gateways-wotton-wortley-tor,wortley-tor-hill-coombe-hill-cotswold-gateway-wotton-under-edge-walk-3,https://www.cotswolds-nl.org.uk/wp/wp-content/uploads/2024/11/t202513039_cotswold-gateways.gpx,75,6.36,52,0.04,344
gateways-wotton-newark,tyley-bottom-ozleworth-and-newark-cotswold-gateway-wotton-under-edge-walk-1,https://www.cotswolds-nl.org.uk/wp/wp-content/uploads/2024/11/t202765112_cotswold-gateways.gpx,96,7.0,111,0.01,240
gateways-dursley-western-loop,figure-of-eight-western-loop-cotswold-gateway-dursley-walk-2,https://www.cotswolds-nl.org.uk/wp/wp-content/uploads/2024/11/t202757142_cotswold-gateways-dursley.gpx,102,8.59,25,0.13,308
gateways-winchcombe-isbourne,winchcombe-to-the-source-of-the-river-isbourne-cotswold-gateway-winchcombe-walk-4-circular-walk,https://www.cotswolds-nl.org.uk/wp/wp-content/uploads/2024/11/t202985011_cotswold-gateways.gpx,70,6.08,36,0.05,227
gateways-marshfield-dyrham,cold-ashton-doynton-dyrham-west-littleton-cotswold-gateway-marshfield-walk-4,https://www.cotswolds-nl.org.uk/wp/wp-content/uploads/2024/11/t202477302_cotswold-gateways.gpx,78,10.24,5,0.17,275
new-dursley-eastern,figure-of-eight-eastern-loop-cotswold-gateway-dursley-walk-1,https://www.cotswolds-nl.org.uk/wp/wp-content/uploads/2024/11/t202757079_cotswold-gateways-dursley.gpx,86,8.02,22,0.09,383
new-wotton-holywell,holywell-and-coombe-cotswold-gateway-wotton-under-edge-walk-4,https://www.cotswolds-nl.org.uk/wp/wp-content/uploads/2024/11/t202620226_cotswold-gateways.gpx,70,3.2,8,0.02,141
new-painswick-frith,circular-walk-up-to-frith-wood-cotswold-gateway-painswick-walk-2,https://www.cotswolds-nl.org.uk/wp/wp-content/uploads/2024/11/t202474943_cotswold-gateways.gpx,59,3.47,72,0.24,198
new-painswick-stream,circular-walk-along-the-painswick-stream-cotswold-gateway-painswick-walk-1,https://www.cotswolds-nl.org.uk/wp/wp-content/uploads/2024/11/t202474635_cotswold-gateways-1.gpx,42,2.56,12,0.22,66
new-stroud-rodborough,circular-via-capels-mill-and-rodborough-common-cotswold-gateway-stroud-walk-1,https://www.cotswolds-nl.org.uk/wp/wp-content/uploads/2024/11/t202735067_cotswold-gateways-stroud-1.gpx,68,3.29,25,1.77,171
new-marshfield-southern,southern-loop-hill-cotswold-gateway-marshfield-walk-2,https://www.cotswolds-nl.org.uk/wp/wp-content/uploads/2024/11/t202476843_cotswold-gateways.gpx,34,4.45,22,1.53,75
new-marshfield-cloud-wood,cloud-wood-loop-cotswold-gateway-marshfield-walk-1,https://www.cotswolds-nl.org.uk/wp/wp-content/uploads/2024/11/t202476227_cotswold-gateways.gpx,37,2.9,10,2.17,92
new-marshfield-st-catherines,circular-walk-to-st-catherines-valley-cotswold-gateway-marshfield-walk-3,https://www.cotswolds-nl.org.uk/wp/wp-content/uploads/2024/11/t202477121_cotswold-gateways.gpx,60,7.12,13,0.99,212

EXCLUDED off-corridor (min distance to Cotswold Way > 1 mile despite official GPX),stroud-rodborough (1.77mi),marshfield-southern-loop (1.53mi),marshfield-cloud-wood (2.17mi),GPX files retained; can be added if scope widens to Gateway-town walks
NOTES,Holywell & Coombe: page hint said 2.5mi but official GPX traces 3.2mi — GPX figure used,Numbered NT walks 1-16: confirmed PDF-only on BOTH nationaltrail.co.uk and their CNL mirror pages — no official GPX exists; start pins retained,Ascent computed from official GPX elevation data (2m hysteresis),Start pins for all 13 ingested routes now taken from the official GPX first trackpoint
